COL1,COL2,COL3,COL4
Curabitur dictum. Phasellus in felis. Nulla tempor,PMF40JAM2AB,0.2264237308,Apdo.:896-5363 Lectus C.
"enim nisl elementum purus, accumsan interdum libero",VSX38AKK5AY,0.151433267,"Apartado núm.: 310, 2880 Volutpat. Ctra."
Mauris,BGA90IKC5PM,0.483537163,"Apartado núm.: 458, 7525 Posuere "
diam.,UMZ11GNW0ED,-0.0768503075,"Apdo.:587-8684 A, Calle"
"vitae, erat. Vivamus nisi. Mauris nulla. Integer urna. Vivamus",UEC13KMI4WA,0.1520134682,150-3120 Parturient Avenida
vitae diam. Proin dolor. Nulla semper tellus id,SQJ49OHD3YM,0.0217149337,5150 Quis Av.
luctus. Curabitur egestas nunc sed libero. Proin,HDE68CMW2MV,0.175982456,Apdo.:985-6150 Vel Avenida
erat neque non,OVK75OWB6WE,0.0556151645,"Apdo.:715-3059 Enim, Carretera"
enim. Mauris quis turpis vitae purus,WSH39ETD8ZD,0.3260239344,"Apdo.:417-4424 Quam, Calle"
"non, feugiat",XYP28BFG3GS,-0.1991620539,742-5769 Proin 
tortor. Nunc commodo,IMM33ARY1KW,-0.0171455043,Apdo.:838-1262 Congue Avda.
ante. Nunc mauris,TOM04HTR0FW,-0.2433159118,638-8164 Nibh. 
ipsum. Phasellus vitae mauris sit amet,XIP03XFV1TN,-0.1485798901,Apdo.:286-4168 Arcu. Ctra.
pellentesque. Sed dictum. Proin eget odio. Aliquam vulputate,HIU76WJG7HO,-0.1130473781,"Apartado núm.: 994, 3099 Ullamcorper C/"
"tincidunt orci quis lectus. Nullam suscipit, est ac facilisis facilisis,",DQV95OJS5EF,-0.1741029534,"Apartado núm.: 382, 8718 Dictum C/"
"pharetra, felis eget varius ultrices, mauris ipsum porta elit, a",KPQ27GUT4EA,0.4389273048,249-4399 Fringilla Av.
Curae; Phasellus ornare. Fusce,JWD79IQL7DW,-0.1790619097,949-7135 Vestibulum C/
"lectus ante dictum mi, ac mattis velit justo",YPJ74GXJ4FL,-0.0857935024,367-7700 Mauris Ctra.
"luctus ut, pellentesque eget, dictum placerat, augue. Sed molestie. Sed",ORH13AOM2KM,-0.3310178639,"Apartado núm.: 307, 8674 Aliquet Carretera"
et,WAV48GRZ2ER,-0.1175932041,Apdo.:318-4268 Non Avenida
"condimentum eget, volutpat ornare, facilisis eget,",UDB98XOS7PC,0.218530261,"Apartado núm.: 774, 5063 Consequat Ctra."
enim. Nunc ut erat. Sed nunc,NAR87ZMH6ZA,-0.2369869729,311 Dictum Calle
lectus. Cum sociis natoque penatibus et magnis,QOZ09SXK6ZU,-0.221407711,"Apartado núm.: 583, 5008 Diam Calle"
sodales. Mauris,ESP41YJS4FS,0.6766936509,"Apdo.:298-8303 Amet, Av."
"sit amet, consectetuer adipiscing",HOA59UPX7VZ,-0.4789940554,Apdo.:813-358 Proin Avda.
"purus. Duis elementum, dui quis accumsan convallis, ante lectus convallis",UZH99FOU8WU,0.1338193452,395-7691 Mi Ctra.
"Maecenas libero est, congue a, aliquet vel, vulputate",PMP62NRV8MD,-0.0792058361,"Apartado núm.: 438, 8279 Ultrices Carretera"
neque et nunc. Quisque ornare tortor,MUU72YUD0VW,0.0525511401,2378 Lacus. Calle
"consequat, lectus sit amet luctus",QHN84RLG2UE,-0.03483602,"1236 Tortor, Carretera"
"mattis velit justo nec ante. Maecenas mi felis, adipiscing",NRK36GAL2WO,-0.0133925986,Apdo.:263-3412 Ipsum. Calle
Integer id magna et ipsum cursus vestibulum. Mauris magna.,MNK10HHD3IR,-0.2936779639,505-703 Nibh Calle
"at, velit.",HYG70IYX1KA,0.4219085535,"Apartado núm.: 843, 3447 Lacus Avda."
"nibh dolor, nonummy",ARX15GOG7SY,0.039377749,"Apartado núm.: 369, 3413 Orci. C."
Nulla,NWC24GTP8ZW,-0.3249413361,2479 Donec Carretera
at arcu. Vestibulum,NZD66ZGV9DT,0.0116954697,"Apartado núm.: 239, 454 Nulla. C."
"libero et tristique pellentesque, tellus sem mollis dui, in",HSI99QOU2LO,0.073204995,Apdo.:444-1947 Maecenas Ctra.
tempor diam dictum,OBL00FHL5HN,-0.1806563824,"Apartado núm.: 517, 6098 Nunc Av."
"et, eros. Proin ultrices. Duis volutpat nunc sit",JER29KYH1JW,0.0413230019,Apdo.:493-9194 Eget Av.
et malesuada fames ac turpis egestas. Aliquam fringilla cursus purus.,OQN48RYR0RT,0.6402743178,"7532 Iaculis, "
sapien molestie orci tincidunt adipiscing. Mauris,UXZ76EOK7QS,0.3229651276,Apdo.:556-7687 Quisque Carretera
"erat,",EHF19ELM6FI,0.0272775385,"3522 A, Calle"
tincidunt vehicula risus. Nulla eget metus eu,IYY70DEG6PD,0.2071076184,Apdo.:423-5553 Ante. Ctra.
Phasellus vitae mauris sit amet lorem semper auctor. Mauris,WUW65FIQ7BM,0.0820639467,902-1521 Gravida 
lorem vitae odio sagittis,ECG12SSK8FO,-0.3732958804,"Apartado núm.: 382, 7677 Nisl. Ctra."
urna. Vivamus molestie dapibus ligula. Aliquam,IYJ41CBU5XR,-0.4476952672,"Apartado núm.: 365, 1506 Mus. C/"
libero,TJK77QUU8GU,-0.1992680377,"Apartado núm.: 358, 8654 Amet, C."
Cras eu tellus eu augue porttitor interdum. Sed auctor odio,GVH39ECQ2BA,-0.1070763131,Apdo.:658-7517 Sagittis Avenida
nunc id enim.,XVS72LDD9KK,0.0213716153,"Apartado núm.: 651, 9764 Nunc Calle"
ornare.,CTE64CXA8UQ,-0.5815166472,Apdo.:678-845 Aliquam Av.
"lobortis quis, pede.",WLS73GBY7MX,-0.3081811396,9391 Donec Av.
nibh. Phasellus nulla.,KRY32IAZ8VL,0.1559771932,Apdo.:358-669 Malesuada 
tortor. Integer aliquam adipiscing lacus. Ut nec urna et,YUL35PAZ8RU,-0.0246720036,252-724 Ac Av.
nascetur,TJL25JWE1CQ,-0.3514176331,4412 Eget Avda.
ac metus vitae velit egestas lacinia.,KYY69RIJ5UY,-0.4775000983,7812 Turpis Avenida
"magnis dis parturient montes, nascetur",UTV09JKG3DV,-0.1324123588,"Apartado núm.: 291, 8106 Amet, Avenida"
massa. Suspendisse eleifend. Cras,GGZ67NQV2MB,-0.0271156112,5546 Ipsum C/
neque.,EWM64RMI3IB,-0.0955310547,Apdo.:138-7246 Est 
et libero. Proin mi. Aliquam gravida mauris ut mi. Duis,LJV02GVQ3XS,0.5716034362,Apdo.:174-5518 Lacus. Avda.
a felis ullamcorper viverra. Maecenas iaculis aliquet diam.,AYQ66OYQ1QQ,-0.0671189827,3730 Varius. C/
"risus varius orci, in consequat enim diam vel arcu. Curabitur",VOC88DSR2LP,-0.2082477765,"905 Amet, Calle"
"libero lacus, varius et, euismod et, commodo",VZV19JSI0TP,-0.1803293566,869-8060 Interdum C/
"Phasellus elit pede, malesuada vel,",AGB22XHS3HL,0.2757771396,"Apartado núm.: 235, 8149 Lacinia Carretera"
"sed consequat auctor, nunc nulla",REN30OOM4SY,0.1176407363,826-4071 Ante C/
"vel, faucibus id, libero. Donec",PGY19XDT7SG,0.2975496591,139-7797 Neque 
"In lorem. Donec elementum, lorem",WYV64ESY2LE,-0.1914809602,Apdo.:918-773 Malesuada 
in faucibus orci luctus,CBY29PEX6BD,0.0808291475,550-9698 Ipsum Carretera
Quisque varius. Nam,BEU87POM6OI,-0.4518091068,4382 Porttitor Ctra.
"in, hendrerit consectetuer, cursus et, magna. Praesent interdum",XOO63SYP9ER,0.0769099229,Apdo.:736-3678 Orci. Carretera
"ac libero nec ligula consectetuer rhoncus. Nullam velit dui, semper",OIC17KHR6KR,0.2675071029,"Apartado núm.: 281, 6307 Nunc C."
nulla. In tincidunt congue turpis. In condimentum.,POR54VIP4UL,-0.3738890387,9315 Molestie Calle
"Donec tempor, est ac mattis semper,",BBZ15YVK6UH,0.1042090199,199-1098 Ipsum. Av.
eros non enim commodo,TWU19QUJ8SV,0.3669688887,1185 Metus Avenida
"dui, nec tempus mauris erat eget ipsum. Suspendisse sagittis.",NMA08PVG7LO,-0.1386217535,8921 Nisi Avenida
"eu, ligula. Aenean euismod mauris eu elit.",OMI98ZDN1EV,0.1290217053,"Apartado núm.: 439, 7126 Metus. Ctra."
"rhoncus. Nullam velit dui, semper et, lacinia vitae, sodales at,",KLV65XBX1ZV,0.2105636306,Apdo.:956-3771 Sit Avenida
"enim nisl elementum purus, accumsan interdum libero",ERZ66ZHT5LV,-0.1530835007,8881 Quisque Avda.
"enim, sit amet ornare lectus",QIO90VXA2ID,-0.0706702052,610-9527 Urna. Calle
nascetur,EXR35CMX2PB,0.142390989,Apdo.:467-3352 Eget 
dictum augue malesuada,FEP48UXP2XX,0.0187967493,Apdo.:814-7425 Ipsum C.
nulla. Cras eu tellus eu augue porttitor,HWV44CCG1GP,0.1457996225,Apdo.:837-5582 Non Calle
mauris.,CYX30BSN6HK,0.0264181335,"Apartado núm.: 366, 9569 Sit "
"ornare, elit elit fermentum risus, at fringilla purus",GYF85BDX3LS,-0.20075351,"Apdo.:882-706 Est, Carretera"
diam,ZTY27QRC1GJ,-0.0254233543,Apdo.:558-3533 Dictum Avenida
volutpat nunc sit amet metus. Aliquam erat volutpat.,XQC72ITF2KP,0.0118809349,"Apartado núm.: 712, 1625 Magna. Avda."
Sed id risus quis diam luctus,VNY41MKE7JL,0.1172780941,4472 Nullam Av.
Integer in magna. Phasellus dolor,BLA33YSE5YR,0.0396180382,1310 A Avenida
Cras vehicula aliquet libero. Integer in,DWA92HXO8BH,-0.0256999757,Apdo.:219-6980 Pharetra. C.
"vehicula et, rutrum",XAG02JTA6UC,0.0573314624,"Apartado núm.: 531, 7575 Mauris Carretera"
"elit, dictum eu, eleifend",GAK14XJL1LM,-0.1849815056,1503 Cras 
"Nunc lectus pede, ultrices a,",KKF75EOB0EQ,-0.3607310641,Apdo.:331-3554 Diam C/
"Nunc mauris sapien, cursus",ZUM92LNH1HY,-0.2988553393,"Apartado núm.: 123, 7506 Sollicitudin C/"
Suspendisse commodo tincidunt nibh. Phasellus nulla. Integer,WYW12OBB1JZ,-0.5838947015,559-5505 Ullamcorper 
"sem mollis dui, in sodales elit",RHS23GAE8BO,0.2682417691,"Apartado núm.: 131, 1570 At C."
Fusce diam,DUB73SRJ7JZ,-0.3658032924,296-4405 In C/
"elementum,",RNN39SFJ2LA,0.2687997029,"9783 Dolor, "
"laoreet lectus quis massa. Mauris vestibulum, neque sed dictum",YFD74LHU4HU,0.0093022667,5265 Velit C/
dui. Cum sociis natoque penatibus,EHB01LAB6LT,-0.3021488839,"Apartado núm.: 947, 6062 Nunc Av."
Praesent eu dui. Cum sociis natoque,EMR10IRF3JC,0.0777229805,5439 Nullam Av.
sit amet lorem semper auctor. Mauris vel,UNX77TDG8HY,-0.1430598599,762-1360 Dolor C.
"adipiscing elit. Etiam laoreet, libero et tristique",VQH47ZTP3VH,0.0835197374,345-8986 Est Carretera
